Valentina,Vera,30170921,1982-05-22,6053
Santiago,Álvarez,33936970,1986-04-25,7068
Martina,Borges,21073376,1994-09-01,6293
Joaquin,Valenzuela,23762139,1995-04-10,1502
Juan Ignacio,Pereyra,25829297,1981-09-13,4504
Sofia,Carranza,23391574,1998-07-06,1874
Tomas,Jiménez,24071423,2003-07-23,9555
Bautista,Schapira,38220144,2003-03-18,4352
Mateo,Agüero,29380265,1981-09-07,3347
Catalina,Giménez,37133890,1989-10-02,2041
Benjamin,Martínez,28984059,1992-12-25,509
Agustin,Borges,38254370,1983-06-05,6233
Santino,Marchi,24932324,1987-07-18,3405
Juan Cruz,Pérez,28135861,2004-05-12,3524
Camila,Varela,38654514,1987-09-05,1260
Francisco,Díaz,31641829,2000-05-03,3451
Ignacio,Mora,24435476,1983-04-17,41
Lautaro,Rotundo,33534237,1987-12-17,4014
Juan Pablo,Quispe,28085160,1996-09-04,1275
Valentino,Carranza,31053107,1988-01-09,6633
Lucia,Vargas,34712774,1985-09-13,7380
Delfina,Sala,39001048,1994-11-25,7364
Agustina,Mejía,24148439,2000-01-12,8028
Abril,Scanone,33186398,1982-01-10,8158
Victoria,D'Elia,30453615,1991-12-20,2637
Guadalupe,Huergo,38337195,1991-10-02,9518
Nicolas,Abadía,28931612,1984-12-02,8762
Valentín,Sorbera,22784675,1981-10-13,8242
Julieta,D'Elia,34472143,1987-03-13,5601
Morena,Rosso,20243933,1994-10-08,175
Candela,Arredondo,29712971,2003-02-23,3528
Milagros,Vargas,35910892,1986-01-08,7394
Facundo,Schapira,33715294,1994-07-27,9499
Matias,Rivera,21455493,1982-04-23,2306
Maria Victoria,Loreto,38899732,2004-07-28,4431
Josefina,León,37095093,2000-03-09,3158
Franco,Sosa,28790574,1980-01-03,8314
Juan Manuel,Farías,38626137,1992-06-21,4395
Felipe,Saldaña,23443400,2003-02-14,8327
Juana,Nave,22708309,1996-12-22,710
Lucas,Díaz,38829303,1988-06-01,5928
Maximo,Leiva,33949819,1998-03-22,157
Pilar,Farina,26833454,1993-12-10,292
Juan Bautista,Lorenzo,31540487,1980-10-28,721
Lautaro Ezequiel,Ibáñez,21601358,2004-08-23,1992
Thiago,Pineda,23589286,1999-12-02,6807
Malena,Santana,29557206,1982-08-06,7464
Lola,Varela,29871753,1980-09-10,4585
Mia,Rivas,37234143,1982-10-02,5184
Santiago Nicolas,Pineda,29578408,1990-05-14,2255
Matias Ezequiel,Zambrano,39051386,1992-06-21,7335
Martin,D'Elia,31912447,1980-12-19,764
Ana Paula,Villalba,35197783,2003-11-13,6435
Tomas Agustin,Álvarez,38357131,1999-03-17,9953
Manuel,León,22478876,1990-04-09,371
Agostina,Benítez,25085870,1990-09-16,3347
Ramiro,Salvador,32048924,2002-09-25,2943
Constanza,D'Elia,28668509,1984-11-14,9145
Maria Belen,D'Elia,36508278,1999-09-14,3197
Luca,Ramírez,39763334,1994-12-05,915
Bruno,Abadía,38153582,1995-06-19,3054
Micaela,León,22637722,2001-03-05,3340
Lara,Lorca,32494709,1993-03-24,9701
Federico,Rotman,38988885,1987-04-11,3477
Lautaro Agustin,Casas,21628578,1992-11-24,2459
Julian,Soto,31550048,1983-06-13,1599
Lautaro Nicolas,Salazar,34901682,1987-07-06,4231
Bianca,León,39073652,1988-03-12,1062
Tobías,Giordano,21591870,1989-12-25,8098
Renata,Arellano,33965379,1981-06-23,3062
Pedro,Morales,26570742,1995-03-29,3876
Gonzalo,Hidalgo,30140342,1998-07-30,636
Sofía Belén,Varela,38280660,1988-10-01,2203
Lautaro Benjamin,Marchi,27494368,1981-06-06,8074
Florencia,Sánchez,35774257,1984-06-17,2612
Juan Gabriel,Portillo,24011817,1996-06-21,4580
Rocio Belen,Sojero,30891924,1982-11-26,912
Lautaro Nahuel,Huarte,24017350,1984-07-07,67
Miguel Angel,Martínez,31024829,1988-10-08,6369
Santiago Agustin,De León,37040270,1992-01-01,4614
Sebastian,De León,35727129,2000-03-20,2506
Emilia,Andrade,24904611,1989-04-14,8142
Jazmin,Vargas,31543525,2001-11-16,3980
Clara,Arellano,31384713,2000-05-04,4577
Camila Belen,Hoffmann,37443944,1984-09-18,8221
Jeremias,Hidalgo,32217020,1999-03-25,7582
Mora,Saldaña,24999925,2000-05-16,2082
Luciano,Pinedo,26416927,1990-03-26,3644
Alejo,Villalba,22311274,1998-04-26,8488
Julia,Santos,32730262,2002-04-15,5047
Maria Valentina,Díaz,25571029,1992-12-28,3728
Rocio,Silva,24876128,1985-03-20,6051
Antonella,Contreras,33856665,1982-04-10,5752
Simon,Sala,23338211,1981-03-24,8965
Maria Sol,Sotomayor,35194469,1989-12-17,4441
Lucas Ezequiel,Rojas,28907759,1991-10-27,4818
Maria De Los Angeles,Vasile,31385736,1985-05-20,6187
Guillermina,Lorenzo,34837004,2003-12-23,7139
Valentina Abril,Arellano,36810023,1993-05-23,6648
Matias Nicolas,Carranza,27816459,1995-09-28,3192
Paloma,Díaz,22512646,1989-01-01,2215
Maria Emilia,Rotman,23158822,1998-10-25,8522
Juan Martin,Quispe,22678143,1992-08-11,477
Ezequiel,Sánchez,39354175,1980-05-13,9508
Facundo Nicolas,Schapira,31398589,2001-01-07,4304
Paulina,Fava,30548667,1986-02-03,3733
Maria Jose,Rosso,20311043,1990-01-01,5686
Juan David,Santana,21119635,2002-07-21,3087
Lautaro Gabriel,Abadía,26153198,1991-10-11,240
Juan Jose,Silva,39814198,1998-12-21,2941
Tiziano,Duarte,27104610,1988-01-28,4215
Lorenzo,Zurich,25493127,2002-06-14,5573
Santiago Ezequiel,Goicochea,28032206,2003-08-09,258
Maria Luz,Marchi,35888294,1993-05-01,5563
Lourdes,Santana,33019550,1983-12-30,6775
Agustin Ezequiel,Pedone,37211212,1999-02-04,7778
Angelina,Demichelis,39672175,2000-05-25,1261
Ludmila,Mamani,35418073,2003-07-02,3486
Maria Paz,Muñoz,39062785,1998-01-15,8842
Priscila,Rodríguez,30544798,1985-01-10,1586
Milagros Belén,Lorca,32771139,1994-09-29,3513
Marcos,Salamone,27290185,1980-12-17,1632
Nahuel,Gonzales,22662071,1996-06-09,2283
Milena,Casares,26836134,2003-09-25,2887
Luciana,Contreras,33949008,1980-10-15,1626
Agustina Belen,Loreto,23046020,1987-01-04,6417
Tomas Ezequiel,Ibáñez,31447028,1987-10-21,5111
Nicolas Agustin,Leiva,31852697,1993-07-08,1410
Giuliana,Scioti,33701379,1984-07-19,1381
Santiago Gabriel,González,23056242,1993-03-22,6181
Juliana,Loreto,26278931,1990-03-30,9736
Ivan,Mancuso,21448574,1999-11-15,4968
Maximiliano,Vargas,20814947,1992-05-14,8884
Maria Guadalupe,Zambrano,30213351,1997-03-20,1371
Isabella,Nave,22166217,2001-09-25,415
Santiago Tomas,Pérez,31800073,1992-04-09,3403
Angel Gabriel,Carranza,33670591,1992-09-01,5446
Jose Luis,Muñoz,32520847,1997-07-26,8925
Santiago Nahuel,Rebollo,20376756,1990-08-25,6569
Gabriel Alejandro,Abadía,25955133,1989-11-21,2625
Tiago,Scanone,35074427,1998-12-30,5970
Joaquín Ignacio,Varela,20908122,1996-01-10,568
Carolina,Mamani,23138324,1994-05-21,4525
Candelaria,Borges,38012949,1987-09-14,2202
Octavio,Nave,37045114,2002-08-06,4555
Jose Ignacio,Sosa,31999798,1994-07-09,6805
Sol,León,29582933,1988-08-20,9659
Juan,Nessi,37381904,1988-10-29,6544
Lucia Belen,Pereira,39385998,1981-08-05,3320
Dante,Farina,22178987,1983-11-21,7343
Franco Ezequiel,Portillo,38724882,1981-01-05,9764
Lucas Gabriel,Carrizo,26482086,1996-12-18,1326
Lautaro Joaquin,Rosso,21397163,2003-12-24,8606
Juan Francisco,Gonzales,23760103,1997-02-01,2020
Geronimo,Benítez,23961499,2001-05-31,7302
Emiliano,Casares,23421013,1984-01-17,746
Emma,Ramírez,38572703,1999-04-26,1931
Gabriel,Hernández,22259191,1993-11-12,3420
Maria Agustina,Fava,34221941,1984-06-04,1022
Agustin Nicolas,Rojas,21583313,2000-04-24,5677
Olivia,Gutiérrez,29279533,1992-12-06,4551
Rodrigo Alejandro,Leiva,20167113,1989-04-09,8063
Nicolas Ezequiel,Carrizo,36862166,2004-08-16,4016
Maria Eugenia,Pinedo,34424876,2001-09-15,5658
Joaquin Ezequiel,Surace,28351980,1989-06-03,500
Lautaro Daniel,Hernández,20061711,1999-05-06,3856
Juan Carlos,De Luca,36550713,1985-07-13,9231
Maia,Leiva,35222331,1984-10-13,4697
Milagros Valentina,Contreras,39344733,2002-05-31,7371
Milagros Abril,Huarte,20044706,1991-05-16,175
Franco Agustin,Saldaña,39546129,1986-10-18,7102
Brisa,Rómulo,27826242,2000-09-22,1319
Leonel,Rotman,38253745,1997-03-19,1955
Zoe,Pineda,35575556,1989-06-25,9969
Augusto,Rebollo,35352768,1997-01-29,7621
Lisandro,Fazzi,36263003,1998-02-18,2318
Abigail,Basile,31712332,1996-08-20,5820
Lucio,Morales,28924833,1984-12-21,3966
Alma,Maradona,30283444,2000-10-01,9642
Amparo,Rotundo,35119655,1993-12-01,8660
Facundo Ezequiel,Surace,36244321,1985-06-07,7964
Salvador,Rotundo,24448494,1985-06-30,8037
Rodrigo,Lorca,26878867,1991-01-17,4852
Thiago Agustin,Reyes,33297370,1999-06-23,9791
Matias Nahuel,Moreno,34760683,1999-05-05,6344
Franco Nicolas,Pedone,39802616,1987-01-26,1035
Gonzalo Ezequiel,Muñoz,37536057,1995-10-04,8075
Ignacio Agustin,Silva,24322535,1988-02-14,9646
Lautaro Leonel,Leal,20829604,1996-01-13,4960
Magali,Agüero,31556623,1995-04-02,4256
Matias Agustin,Álvarez,37841777,1988-03-22,8614
Santiago Benjamín,Rojas,33481746,2002-11-28,6284
Milagros Ayelen,Martínez,33611278,1991-01-19,4872
Milagros Abigail,Contreras,21568115,1984-07-29,5919
Tiziana,Raimundo,38032768,1990-08-28,8511
Maitena,Reyes,26640931,2002-01-25,9405
Santiago Ariel,Basile,34469116,1995-04-27,921
Tatiana,García,34813349,1989-07-19,1212
Valentina Abigail,Benítez,39583569,1984-06-15,5088
Maria Milagros,Álvarez,37364180,2004-08-07,8037
Tomas Benjamin,Nari,31516671,1992-02-10,7284
Santiago Martin,Rebollo,35213003,1994-06-11,542
Rodrigo Ezequiel,Vera,24979996,1987-01-10,7086
Melina,Díaz,22019326,1986-06-09,2693
Paula,Santana,20605589,1986-07-01,8048
Violeta,Leal,37433686,1980-12-17,3699
Franco Nahuel,Benítez,22091419,1996-06-17,958
Luisina,Rojas,39618929,1997-11-01,8721
Maria Pia,Marchi,21982268,1985-10-09,7080
Ana,Reyes,23781606,1980-10-21,3661
Lucas Agustin,Benítez,27709885,1992-03-11,2261
Maria Lujan,Rivas,28181712,1984-09-14,8147
Milagros Agustina,León,31116591,1998-05-05,8933
Mateo Nicolas,Álvarez,39686379,1996-12-02,9861
Matias Gabriel,Gómez,35680324,1990-05-30,7076
Jeronimo,Pedone,32488001,1987-09-08,8732
Facundo Nahuel,Basile,30445422,1983-02-25,7401
Facundo Gabriel,Maradona,27240158,1998-09-23,8595
María Florencia,Vargas,26679194,1994-10-02,2036
Mariano,Rotman,32992075,1991-05-04,9003
Luna,De Luca,26713541,1984-10-21,375
Trinidad,Silva,36507716,1994-03-10,1297
Milagros Aylen,Nari,24952921,1986-05-19,3817
Matias Alejandro,Huergo,34600146,1993-07-24,7717
Santiago Daniel,León,22696229,1994-05-14,3792
Ludmila Abigail,Saldaña,35348361,1984-10-09,8883
Kiara,Carranza,20631220,1984-11-28,5310
Alejandro,Silva,22349725,1983-12-18,8211
Thiago Nicolas,Rivas,34443085,1985-04-06,154
Emanuel,Sberna,29902423,1987-06-06,1810
Santiago Leonel,Vera,21577872,2003-05-25,803
Axel Gabriel,Rivera,20199380,1981-01-24,4072
Benicio,Santos,20006075,1996-03-23,7853
Francesca,Mejía,26419827,1988-07-22,2115
Sofía Valentina,Demichelis,32383753,1987-01-13,7039
Juan Sebastian,Álvarez,25825167,1987-03-29,2909
Ignacio Nicolas,Pereyra,20143273,1984-05-13,4622
Lautaro Tomas,Marchi,39122074,1995-11-14,683
Lucas Nahuel,Rodríguez,22644751,1995-12-12,8406
Lucila,Fernández,28068290,1990-02-15,6065
Maria Celeste,Sosa,36948299,2000-05-07,2441
Valentina Belén,Quispe,39430513,2000-04-11,8623
Priscila Abigail,Pineda,33478640,1996-08-28,4267
Lautaro Valentin,Carranza,24407580,1990-04-29,9023
Ciro,Casares,39409499,1997-07-27,5678
Lautaro Emanuel,Díaz,27621051,1991-02-16,9566
Thiago Benjamin,Santana,22906966,1990-04-06,846
Luis Fernando,Sala,39578129,1981-10-30,6526
Maria,Scanone,21146656,1988-03-07,8584
Alvaro,Ramírez,25207944,1991-05-31,2388
Candela Abigail,Salamone,37042883,1989-05-27,3166
Joaquin Alejandro,Villalba,23923820,1994-11-14,9300
Genaro,Rivas,31046881,1996-03-31,1570
Magdalena,Vasile,27353322,1982-10-19,4891
Agustin Alejandro,De León,36184894,1994-06-28,2078
Santiago Valentin,Villalba,32025162,1986-12-07,8828
Santiago Emanuel,Totora,38291957,1989-11-26,5518
Santiago Joaquin,Fazzi,39092873,1984-05-03,1578
Martin Alejandro,Nessi,25505546,2003-05-28,6158
Thiago Nahuel,Mamani,23967653,1996-04-04,848
Mateo Benjamin,Pineda,33518919,1994-03-10,2148
Franco Gabriel,Rotman,39322919,2002-07-20,5941
Facundo Agustin,Sosa,24359769,2002-09-07,290
Lautaro Sebastian,Vera,30221615,1990-03-08,1345
Milagros Soledad,Castillo,27840657,2003-08-07,7516
Ana Laura,León,35057185,1999-12-09,4311
Lautaro Martin,Arredondo,28800005,2001-09-28,6573
Celeste Abigail,Basile,25228258,2003-08-10,7758
Nicole,Rotman,35463198,1986-10-12,1318
Abril Agustina,Abadía,24570665,1994-04-29,2418
Nicolas Alejandro,Salamone,23826529,1999-04-22,642
Lucas Daniel,Farina,26454496,1993-06-20,7750
Micaela Belen,Flores,32683983,1989-07-07,3772
Chiara,Marini,23228276,1984-10-30,773
Victoria Abril,Silva,26728757,2002-07-24,9991
Manuela,Ramírez,20948709,1987-09-25,2397
Ulises,Espinoza,33146392,1993-07-05,1285
Franco David,Casares,37409015,1998-05-27,1119
Santiago David,Mejía,37023236,1987-06-17,7902
Tomás Valentin,Fornerón,39587898,1993-11-12,6884
Gonzalo Nicolás,Hoffmann,28408733,1981-08-30,5300
Uriel,Soto,38075730,1986-02-26,1150
Joaquin Nicolas,Marchi,33953017,1987-10-01,6921
Thiago Valentin,Varela,32025991,1998-10-18,9581
Román,Amenedo,36951164,2001-04-05,3631
Luciano Gabriel,Casares,30436769,1991-07-20,1812
Camila Aylen,Loreto,25609013,1983-10-25,558
Mia Valentina,Farina,32946604,1987-03-24,6145
Thiago Ezequiel,Mancuso,31105465,1990-07-14,8178
Fiorella,Zambrano,36364545,1987-10-20,4540
Celeste,Sala,20603002,1997-11-18,6712
Avril,Sberna,23467048,1999-04-23,2844
Luciano Nicolas,Amenedo,29008036,1994-08-19,4377
Valentina Aylen,Valenzuela,35544985,2003-01-06,1438
Martina Belen,Rivera,20794363,1987-09-15,9287
Tomás Alejandro,Gutiérrez,30075117,2004-07-13,3873
Martin Ezequiel,Jiménez,33904236,1998-10-18,8980
Luciano Agustin,Farías,21808246,1986-11-27,6008
David,Raimundo,26336993,1982-10-04,8194
Mateo Agustin,Zurich,26509939,1992-05-04,3257
Candela Belen,Scanone,36447001,1985-12-20,9626
Franco Leonel,Sotomayor,29164386,1986-12-13,1692
Kevin,Duarte,33254271,1985-05-31,1591
Ludmila Ayelen,Hernández,39279949,1983-01-03,8071
Abril Valentina,Zambrano,39047445,1991-07-19,3662
Felicitas,Hoffmann,28796112,1994-08-02,3433
Camila Ayelen,Farina,26995030,1981-03-16,673
Marcos Gabriel,De Luca,32088778,1996-08-21,2826
Nahuel Agustin,Goicochea,31287335,1991-06-06,4581
Julieta Valentina,Pereira,21545423,1994-05-10,6818
Candela Agustina,Pavón,22996652,2002-01-26,8834
Kevin Ezequiel,Loreto,31249781,1980-05-02,3568
Luciano Ezequiel,Pérez,31673119,2002-02-24,5896
Andres,Lorenzo,33371045,2000-07-04,6139
Leonel Agustin,Gonzales,38076866,1993-11-28,619
Ian,Contreras,28703612,2002-01-22,5850
Braian Ezequiel,Andrade,33834041,1996-12-17,3480
Valentina Milagros,Saldaña,33741019,2000-10-30,8405
Rocio Milagros,Salvador,26153942,1998-05-09,7827
Axel Uriel,Santana,22741473,1983-05-16,5086
Milagros Ailén,Valenzuela,29920728,1994-11-03,476
Fausto,Casas,37834196,1986-01-20,8499
Tadeo,Benítez,36337531,1994-03-30,4966
Daniel Alejandro,Nari,32983510,1983-06-16,7326
Axel Nahuel,Pineda,32033503,2002-09-10,7714
Camila Agustina,Nessi,38439721,1994-05-18,6804
Luz Milagros,Raimundo,21729616,2001-08-10,5608
Luana,Rotman,27341625,1985-07-25,7059
Matias Leonel,Agüero,22879637,1981-05-21,8556
Ornella,Santana,20931857,2000-10-02,3357
Enzo,Rivera,20296095,1993-11-28,1117
Brian Ezequiel,Sberna,29789160,1985-01-08,6073
Ludmila Belen,Pavón,38170092,1984-04-27,8109
Belen,Marino,22441368,1993-07-23,4526
Gaspar,Pereira,27337365,2004-05-29,3032
Lionel,Basile,38331621,2000-05-24,6421
Uma,Arredondo,32774688,1999-11-24,6144
Nicolas Gabriel,Borges,23222086,1987-03-27,4439
Oriana,Fernández,23395519,1994-09-03,779
Ignacio Gabriel,Martínez,30320394,1999-02-12,9537
Justina,Zambrano,26767161,1999-03-07,6216
Sofia Magali,Delgado,36850127,1986-03-05,9993
Lucas Martin,Saldaña,22946191,1995-05-06,7078
Alexander,Hoffmann,30641569,1988-08-07,3259
Ignacio Joaquin,Castillo,34120352,2001-08-16,2097
Leandro,De León,37079610,2000-07-07,3854
Sofia Micaela,Galán,25526482,1986-09-20,287
Luz Maria,D'Elia,30576131,1983-12-23,7954
Matias Benjamin,Schapira,39255963,1989-06-07,5232
Rosario,Scioti,38477749,1998-12-29,2452
Axel Leonel,Scanone,33657582,2004-07-23,4119
Candela Abril,Huarte,20921314,2003-03-17,5759
Gonzalo Agustin,Galán,31955828,2003-01-17,7898
Rodrigo Nicolás,Santos,24262353,2000-03-14,2480
Thomas,Portillo,32717870,2002-05-24,7398
Ana Clara,Surace,39143005,1985-07-09,9786
Fabricio,Salvador,28021547,1981-08-29,1173
Brisa Abigail,Soto,21380037,1981-06-28,8963
Axel,Demichelis,38442757,2000-03-07,6069
Maria Del Pilar,Mancuso,21515182,1990-10-26,9609
Gianluca,Salamone,35052285,1998-07-02,167
Fermín,Pineda,37813741,1985-07-05,1081
Iara,Borges,20283697,1990-10-10,8504
Tomas Gabriel,Nari,32227568,1986-11-21,9307
Julieta Belen,Castillo,37799464,1986-04-01,6648
Lautaro David,Rivera,20527561,1983-12-18,6286
Axel Fernando,Nari,21401104,1987-08-21,2845
Sofia Victoria,Gonzales,24926938,1992-12-31,8782
Ambar,Rojas,33094656,1981-08-12,2406
Pablo Ezequiel,Rivera,37168579,1989-11-06,9218
Juan Andres,Borges,32467006,1984-07-13,4084
Ana Belen,Vasile,35164231,1987-08-11,1932
Sofia Aylen,Arredondo,37891927,2000-02-11,4871
Alan Gabriel,Vasile,29372183,1990-07-12,9561
Lucas Leonel,Vera,26643790,1981-04-09,6768
Maximiliano Ezequiel,Benítez,25012400,1997-12-24,3528
Camila Abigail,Casas,31127558,1991-02-21,6676
Candela Valentina,Vasile,24193970,1992-10-19,4347
Nahuel Alejandro,Sberna,35593667,1983-09-21,8390
Gabriel Agustín,Sotomayor,22364544,2003-09-23,1872
Benjamín Ezequiel,Villalba,29592767,1984-06-10,1483
Matias Daniel,Scanone,30184906,1982-12-26,5834
Lucas Ariel,Giordano,31209278,2002-01-05,922
Tomas Ignacio,Saldaña,34884253,1989-08-31,5198
Alan Ezequiel,García,39174594,1987-11-10,1031
Sara,Hoffmann,33203217,1992-02-16,8843
Camilo,Nave,35016534,1990-08-17,1820
Agustina Micaela,Fornerón,31735924,1989-09-19,7206
Facundo Daniel,Loreto,25330294,1993-05-24,5827
Lourdes Valentina,Sala,34400834,1997-09-29,2692
Gaston,Lorenzo,23627887,2004-02-16,2854
Francisco Javier,Hernández,34639180,1993-06-11,5010
Candela Milagros,Sala,30993775,1989-01-15,9894
Sofia Milagros,Mariani,37966178,1992-03-29,9854
Maria Candela,Rosso,27655755,1994-06-12,84
Lucas Emanuel,Salamone,32289465,2003-05-31,1380
Fernando Jose,Marín,35377583,1995-01-04,4123
Daniel,Villalba,28022038,1983-09-23,1557
Nazareno,Mariani,21717866,1999-06-20,445
Florencia Belen,Muñoz,38591982,2000-07-11,3998
Mateo Ezequiel,Santos,21957772,1988-05-08,7672
Luciana Belen,Nave,37221023,1981-10-18,5602
Benjamin Alejandro,Scanone,24980576,1980-04-19,8283
Matias Ariel,López,32116824,1993-12-19,2120
Brisa Aylen,Mariani,23411876,1988-02-19,3780
Santiago Alejandro,Andrade,21397572,1980-06-25,2399
Virginia,Marini,32454577,1990-09-13,4641
Facundo Ariel,Pinedo,21542870,1992-04-02,6223
Martina Abril,Marín,28914621,1993-11-27,4298
Tobias Ezequiel,Rebollo,26774491,1980-12-20,7939
Macarena,Galán,25170360,2003-11-06,1550
Ariana,Marchi,29347295,1980-01-28,8971
Thiago Gabriel,Soto,29464055,2002-10-13,6841
Lautaro Alejandro,Rojas,30467517,1981-07-06,7283
Lautaro Uriel,Fornerón,24822039,1989-09-12,6926
Ines,Salem,35639644,1992-02-23,4062
Ariel,Fernández,31031363,1990-05-19,968
Maria Josefina,Amenedo,28069147,1991-10-10,7553
Patricio,Gutiérrez,37106526,2000-04-15,1953
Gonzalo Gabriel,Amenedo,20917322,1999-01-17,8541
Lucas Nicolas,Mejía,36033180,1989-06-30,8617
Maria Fernanda,Marchi,36040103,1986-09-03,7724
Rafael,Ibáñez,32618591,2002-03-25,4721
Rodrigo Nahuel,Martínez,25713001,1992-06-06,1274
Luisana,Agüero,24962020,1991-01-31,5759
Leonel Alejandro,León,34734012,1998-05-31,258
Rocio Abigail,Rodríguez,32185532,1983-01-29,9460
Gino,Gómez,20097434,2000-04-07,8637
Joaquina,Hoffmann,39230611,1982-09-11,9593
Marco,Mariani,36216208,1981-10-23,5373
Lautaro Javier,Portillo,31637463,1984-12-13,2034
Celina,Casas,28552887,1984-02-24,7066
Ludmila Aylen,Giménez,20871950,1994-09-04,8292
Alexis Ezequiel,Raimundo,30377947,1983-10-11,5408
Thiago Joaquin,Marín,30325076,1989-11-17,7185
Alexis Gabriel,Rotundo,29108762,1985-05-20,8488
Federico Agustin,Marchi,37209971,1991-01-28,2715
Lara Valentina,Díaz,34319232,1993-04-16,2952
Florencia Agustina,Saldaña,20703522,2001-06-29,6840
Maria Pilar,Gonzales,28133801,1986-04-05,2299
Santiago Andres,González,23059447,2000-11-08,8221
Camila Milagros,Flores,37353876,1980-05-13,2125
Franco Daniel,Fava,33942912,1982-03-07,9491
Marcos Agustin,Huarte,35300844,1983-04-25,3620
Ana Lucia,Raimundo,27569273,2003-11-17,7282
Thiago Uriel,Díaz,31513935,1982-12-17,8442
Santiago Javier,Basile,29267242,2000-09-27,9454
Marco Antonio,Varela,32389521,1991-07-25,2940
Ana Luz,López,39260530,1981-09-10,7482
Rodrigo Sebastian,Martínez,20201571,1994-08-06,299
Maria Paula,Huergo,26611779,1998-11-29,5867
Rocio Micaela,Arellano,23710582,1993-01-10,6066
Camila Abril,Sojero,34278174,1997-02-15,7982
Milagros Guadalupe,Pavón,24643512,1992-02-04,5009
Valentina Magali,Maradona,34140296,1984-06-15,9777
Kevin Nahuel,Zurich,22287711,1999-03-11,9415
Francisco Nicolas,Sotomayor,32624492,1982-04-02,2833
Micaela Ayelen,Rotman,34912619,1997-04-05,3633
Maria Del Rosario,Varela,26734979,1999-05-21,9379
Martin Nicolas,Marino,28042859,1991-02-11,2347
Federica,Marini,22920003,1982-10-23,4876
Facundo Tomas,Borges,34404434,2002-09-26,7311
Santiago Uriel,Carranza,37954842,1985-10-29,8289
Carlos Daniel,Fazzi,35814387,1990-10-05,8951
Lucas Sebastian,Lorca,29847327,2003-09-20,9494
Axel Ezequiel,Rotman,25956230,2003-05-25,5318
Mateo Joaquín,Sotomayor,34875158,1994-03-09,2343
Leandro Ezequiel,Ibáñez,32544268,1995-11-24,5598
Ludmila Milagros,D'Elia,29347996,1985-03-18,5361
Lautaro Ariel,Giordano,29137412,1994-07-08,7029
Diego,Rebollo,29757230,2003-03-04,2544
Julio Cesar,Fernández,36370223,1992-08-11,9941
Vicente,Rotundo,36334777,1991-12-21,2715
Francisca,Moreno,35909729,1982-09-04,4909
Mariana,Hidalgo,22596643,1983-09-19,5788
Luis Alberto,Hernández,28749939,1983-10-29,2324
Rocio Ayelen,Andrade,36706653,1989-12-31,1808
Fernando,Scioti,29105326,1989-04-26,9646
Ema,Pérez,22075908,1993-02-23,6194
Alexis Nahuel,Vasile,24191307,1993-01-16,4234
Ignacio Ezequiel,Gonzales,28348221,1980-02-12,2699
Milagros Lujan,Sberna,22927590,2003-06-07,7942
Kevin Agustin,Pérez,33403701,1982-05-19,5290
Facundo Leonel,Pavón,30802425,1993-05-30,3216
Abril Agostina,Hidalgo,39137999,1982-03-21,8176
Maite,Espinoza,23454124,1999-07-21,6767
Sebastian Alejandro,Soto,33061396,1991-01-31,2437
Dylan Ezequiel,Pineda,27581078,1981-04-11,1492
Maria Constanza,Huarte,32922089,1993-09-27,2332
Maximiliano Gabriel,Vargas,23166765,1995-03-10,7479
Daniela,Gómez,36448274,1984-09-08,4926
Lucas Benjamin,Saldaña,29155659,2001-01-14,2585
Lautaro Jesús,Leiva,25509437,1994-08-23,5386
Lucas Joaquin,Demichelis,27407033,1981-02-06,1415
Thiago Leonel,Pérez,25536672,1986-01-26,2440
Axel Daniel,Abadía,39999774,1992-08-10,5046
Azul,Salazar,21764748,1995-10-07,8326
Sofia Abril,González,24533520,2003-02-25,8506
Milagros Micaela,Rebollo,28649773,2002-07-30,3309
Milagros Magalí,Rodríguez,27589314,1984-11-17,2285
Maria Lucia,Leiva,21042131,1981-06-05,8935
Marcos Ezequiel,Santos,26471635,1981-10-23,3526
Lucas David,Pereira,26551751,1999-11-06,7569
Axel Agustín,Schapira,29058998,2001-10-20,1040
Gonzalo Nahuel,Santos,35717020,1986-07-24,9726
Thomas Agustin,Maradona,31773554,1989-12-11,4362
Franco Tomas,Sánchez,39574301,1995-01-31,3269
Florencia Abigail,Sberna,38815544,1988-05-18,8094
Maximo Agustin,Loreto,25197605,1986-10-21,1783
Camila Soledad,Vera,34196129,1980-06-06,3812
Luciano Benjamin,Borges,29182517,1997-04-27,3592
Bautista Nicolas,Sorbera,21114523,1984-08-13,6929
Fabrizio,Raimundo,39666673,2003-03-09,6198
Alfonsina,Morales,33620334,1997-10-30,6031
Lautaro Exequiel,Sberna,31891394,1996-08-08,5000
Leonardo,García,31771077,2004-07-13,2101
Mateo Valentin,Nari,32311161,1999-05-12,6017
Juan Agustin,Villalba,24769457,1987-12-15,4562
Brisa Ayelen,Sotomayor,23148826,1984-04-02,857
Laureano,Pedone,35935771,1985-06-10,4255
Lautaro Damian,Carrizo,24687096,1982-03-23,7240
Leandro Nicolas,Mejía,32119731,1980-03-16,2160
Matias Sebastian,Pineda,31370040,1983-10-21,9967
Francisco Agustin,Duarte,31949588,1995-04-25,4616
Carola,Rómulo,22991126,1983-02-04,5361
Elias,Salvador,33369675,1996-07-11,7293
Rocio Guadalupe,Salem,28434160,2004-03-16,8888
Ignacio Benjamin,Fava,26849323,1998-12-02,6074
Maria Laura,Santos,33356636,1984-01-01,4160
Facundo Emanuel,Carrizo,28894885,1982-02-26,8019
Facundo Martin,Vasile,35062478,1994-01-30,2013
Pablo Agustín,Benítez,35803048,1987-09-29,3589
Agustina Milagros,Arellano,30204987,1998-03-28,5149
Valentina Jazmin,Carrizo,35214015,2003-11-29,4214
Sofia Ailen,Sberna,36646678,1980-02-25,4442
Florencia Magali,Loreto,28555491,1984-11-03,8774
Valentina Guadalupe,Santana,28062082,1990-09-03,5232
Kevin Nicolas,Huarte,23971404,1980-04-12,2849
Ana Sofia,Nari,36357939,1983-02-23,8883
Aylen,Reyes,24798806,1982-05-30,8672
Thiago Lionel,Mancuso,39965594,2003-08-28,984
Franco Emanuel,Pereira,32991040,1986-10-24,7512
Eugenia,De León,32063738,1994-08-05,6116
Rocio Magali,Castillo,27014791,1994-05-06,9129
Valentina Luján,Jiménez,22782471,1989-03-06,1380
Federico Nicolas,Marín,33026785,1983-02-25,9818
Morena Abril,Leiva,24727964,1991-06-13,6960
Candela Magali,Varela,20720020,1988-02-12,8219
Aldana,Vasile,23448800,1991-12-02,651
Elias Ezequiel,Sojero,33081680,1996-06-09,334
Tobias Benjamin,Godoy,32257084,1997-03-11,4972
Leandro Agustin,Rebollo,32320674,2000-08-19,9324
Tomas Nahuel,Sosa,21485238,1999-07-05,8025
Esteban,De Luca,21146874,1998-04-30,4967
Tobias Agustin,Rotman,28302337,1990-12-27,6149
Matías Emanuel,Castillo,23662369,1989-03-27,5319
Lucas Santiago,Galán,29061856,1981-05-28,9727
Sofia Guadalupe,López,34221034,1985-05-30,365
Ernestina,Gonzales,34343634,1987-11-16,2650
Iñaki,Zambrano,27940771,1982-07-05,8552
Julieta Abril,Lorca,24273869,1997-10-29,2349
Valentina Ayelen,Lorca,21842777,1990-10-12,238
Santino Nicolás,Saldaña,36957925,1994-02-23,7428
Cristian Gabriel,Galán,24867350,1986-04-18,4131
Tatiana Abigail,Marini,38034322,1982-08-17,7998
Giuliano,García,30216441,1998-01-17,5409
Jose Manuel,Díaz,27130584,1983-01-17,4615
Santiago Ivan,Santos,22670348,1997-08-17,8247
Rodrigo Agustín,Rodríguez,24949783,1986-02-22,7137
Milagros Agostina,Salazar,39684052,1993-06-29,9611
Ezequiel Alejandro,Maradona,34821626,1987-03-18,5589
Jeremias Ezequiel,Pereira,25553781,1985-03-12,8351
Maria Agostina,Rómulo,23822278,1981-03-08,4336
Nahiara,Quispe,25260631,1992-07-07,8534
Valentina Soledad,Huarte,27572515,1999-10-16,2559
Alan,Huergo,37255337,1991-03-28,8992
Candela Agostina,Rosso,38663040,1996-06-18,4341
Abril Milagros,Galán,22720495,1989-10-16,4958
Mercedes,Amenedo,26100931,1985-02-15,4627
Axel Nicolás,López,26479883,1990-12-10,9036
Santiago Jose,Castillo,36036244,1989-06-19,7156
Juan Pedro,D'Elia,30236196,1990-08-03,9040
Agustin Gabriel,Marini,28460067,1987-09-26,1022
Rocio Aylen,Martínez,23325398,1996-10-24,7161
Carmela,Quispe,21543861,1989-01-05,9652
Joaquin Andres,Leiva,29625707,1991-08-11,5789
David Ezequiel,Sotomayor,30064352,1984-02-08,1065
Sofia Abigail,Ramírez,31622240,1999-03-03,3757
Joaquin Gabriel,García,25989643,2000-08-26,7962
Ludmila Magali,Pereyra,39552142,1982-01-19,778
Francisco Jose,Santos,37850361,1991-12-18,3477
Nazarena,Huergo,26605480,2000-11-12,1165
José Antonio,Rebollo,39151416,1989-06-15,5058
Luis Miguel,Zambrano,31164685,2002-11-07,3342
Ivan Ezequiel,Pinedo,24104560,1985-01-23,7893
Agustina Soledad,Lorca,22131676,1981-08-01,6528
Baltazar,Gonzales,29818936,1998-10-07,431
Jonathan Ezequiel,Salazar,30838374,1989-01-11,9437
Teo,Flores,38246454,1985-02-28,9183
Sebastian Ezequiel,Mamani,22054412,1985-05-04,7323
Tatiana Belen,Salem,35459058,1981-06-13,8538
Lautaro Lionel,Nari,24680541,1992-04-28,8241
Angel David,Sánchez,28025687,1996-06-30,2028
Ignacio Martin,Santos,39910570,2000-09-27,8454
Luis Alejandro,Benítez,20165284,1993-09-12,7888
Priscila Ayelen,Mamani,34732168,1993-05-21,1945
Maria Candelaria,Surace,21610833,1982-08-07,5870
Rocio Valentina,Varela,38176804,1995-06-30,9456
Ramiro Agustin,Leal,37021399,1986-06-07,720
Alexis,Benítez,23662118,1983-06-27,2888
Jose Maria,Borges,22256075,1996-01-10,7886
Carlos Gabriel,Lorca,27605171,1981-11-21,900
Thiago Martin,Casas,34287269,2002-01-24,8677
Bruno Nicolas,Pinedo,24877573,1999-02-13,8124
Luciana Valentina,Huergo,30985880,1987-09-29,4314
Sofia Antonella,D'Elia,23684215,2003-02-02,200
Priscila Belen,De Luca,29240640,1980-11-23,544
Uriel Alejandro,Benítez,34196767,1986-11-06,7704
David Alejandro,Muñoz,33782141,1997-03-23,2787
Iara Valentina,Carranza,36942061,1987-09-23,6755
Priscila Aylen,Vasile,26170160,1983-04-28,4686
Franco Sebastian,Rómulo,28398244,1984-06-21,247
Agustina Aylen,D'Elia,23288814,2004-03-11,599
Camila Ailen,Marín,34242671,1999-05-15,2977
Agustina Abigail,López,27995115,1982-10-14,1424
Dylan Gabriel,Hoffmann,32241452,1989-07-18,7782
Alejo Nicolas,Carranza,27778070,1980-06-06,9560
Micaela Agustina,Salvador,28832466,1992-07-18,2229
Leandro Gabriel,Gutiérrez,24004641,1995-08-01,6338
Dolores,Portillo,21684620,1981-04-09,2280
Kevin Daniel,Nessi,31093057,2004-03-06,5416
Maria Lourdes,Flores,36964100,1997-09-01,8108
Elias Gabriel,Díaz,36267030,1983-12-04,8506
Francesco,Farina,33772208,2004-02-19,8670
Rocco,Fava,35487755,1995-10-22,8237
Dylan Uriel,Basile,28677690,1980-01-13,5621
Brisa Milagros,Galán,29119895,1992-09-15,219
Bianca Valentina,Mancuso,28171546,1994-12-26,4464
Marcos Antonio,Fazzi,35314610,1981-01-12,3840
Tomas Joaquin,Flores,29581113,1996-12-25,2558
Gonzalo Sebastian,Raimundo,27269505,1984-08-13,4768
Tomàs Ariel,Pereyra,39127696,1987-02-19,9744
Axel David,Casas,24623460,1995-12-26,6209
Agostina Belén,Pedone,20508272,1991-08-19,6792
María Magdalena,Rivera,37161695,1996-03-09,5539
Lourdes Abril,Lorenzo,31016660,1995-12-06,6329
Juanita,Casas,34581974,1994-11-06,7642
Agustina Ayelen,Giménez,34393673,1994-03-01,494
Geraldine,Varela,26805490,1993-08-28,6144
Irina,Salazar,29032703,1990-09-14,8539
Ramiro Nicolas,Mancuso,39981027,1980-07-26,6892
Mateo Gabriel,Rebollo,28628458,1991-10-31,504
Milagros Anahi,Farina,32264586,1985-09-30,7136
Iara Abigail,Quispe,25051830,1986-12-02,6879
Candela Jazmin,González,34806821,1994-01-20,8931
Bruno Ezequiel,Mejía,38352932,1998-10-10,5595
Brisa Magalí,Álvarez,27227942,2001-10-06,9436
Francisco Tomas,Goicochea,22624186,1987-10-16,2376
Tomas Emanuel,Sotomayor,24128830,1998-12-02,5732
Joaquin Uriel,Sánchez,32420717,1998-05-01,3625
Maria Delfina,Pereira,28329278,1986-10-14,5342
Barbara,Leal,24553759,2000-08-18,9053
Santiago Ismael,López,32699832,1985-08-30,528
Tobias Uriel,Varela,28167451,2003-10-25,9339
Ludmila Abril,Marini,27833998,1998-05-28,7615
Leandro Nahuel,Schapira,33993391,1989-08-14,4877
Cristian,Fornerón,26563379,1999-03-31,1522
Julieta Magali,Pinedo,34235310,1987-03-20,7756
Fátima,Arredondo,31067978,1989-09-27,3306
Facundo Sebastian,Marini,23077413,1986-03-27,2056
Gianfranco,Mancuso,23797674,2003-01-18,9452
Fernando Gabriel,Gonzales,30233207,1980-11-23,7678
Thiago Tomas,Schapira,23277628,2004-02-16,298
Alejandro Gabriel,Casares,35076425,1984-07-17,9312
Sofia Agustina,Martínez,29168550,1996-05-02,9963
Agustina Abril,Schapira,31846986,1999-03-16,5899
Lucia Milagros,Rivera,21322960,1993-03-03,3780
Maia Valentina,Delgado,39706254,1983-11-02,962
Araceli,Huarte,37167851,1995-01-13,4962
Agustina Magali,Godoy,28794743,1992-08-13,7420
Morena Abigail,Mariani,27964031,1997-02-19,9471
Gonzalo Daniel,Vasile,24219575,1981-12-27,9987
Faustino,Portillo,34114360,1982-05-08,818
Valentina Micaela,Leal,23760691,1984-06-19,2095
Ignacio Valentin,Espinoza,37086101,2002-05-09,1121
Maria De Los Milagros,Maradona,26718992,2000-04-29,7085
Brian Nahuel,Hidalgo,24420107,1983-07-22,7874
Lautaro Andrés,Abadía,22860644,1998-03-01,7701
Dylan Agustin,Salazar,20686083,1987-09-05,4692
Fernando Ezequiel,Pereira,32509710,1982-05-18,7592
Lucas Alejandro,Galán,35577469,1999-03-10,8033
Milagros Antonella,Giordano,31284803,2002-12-15,8660
Alan Nahuel,Nessi,23777429,1989-09-10,2154
Tobias Nahuel,Schapira,28980844,1983-06-02,2642
Joel,Farías,37013509,1998-06-03,334
Lucca,Fornerón,34340385,1984-11-21,8277
Martin Ignacio,Vera,33658782,1993-05-01,7372
Matias Joaquin,Gómez,35499221,1980-01-12,3831
Nahuel Ezequiel,Castro,37279088,2001-02-24,3670
Milagros Rocío,Demichelis,26136642,2002-05-09,668
Alejandro Ezequiel,Sosa,24815594,1993-06-27,3680
Valentina Ailén,Scanone,33439279,2002-11-04,8047
Alejandro Daniel,Casas,39452257,1980-07-15,1947
Zoe Valentina,Nessi,23095673,1997-07-22,2043
Maximo Alejandro,Farías,39828453,1983-07-05,3105
Pablo,Borges,24425623,1992-03-19,1402
Luciano Joaquin,Pinedo,24453301,1985-12-12,5672
Ludmila Ailen,Vasile,24770855,2000-08-01,8360
Brisa Valentina,Farina,25025340,2001-02-03,8383
Enzo Gabriel,Gómez,33431075,1998-10-14,9566
Estefania,Castillo,20915468,1997-04-26,1815
Maria Sofia,Marín,37716727,1990-09-17,9934
Kiara Abigail,Raimundo,34182997,2000-11-22,8934
Thiago Sebastian,Valenzuela,25733215,1990-01-14,6863
Ivo,Rotman,21122166,1995-10-04,4169
Brenda,Castillo,32601167,1980-05-15,4668
Florencia Valentina,Casas,26726482,1993-11-03,2592
Pablo Nicolas,Sojero,30226320,1981-03-01,5478
Juan Antonio,García,37458277,2000-03-01,4437
Brian Nicolas,Pinedo,22913195,1997-10-09,7812
Leon,Salamone,22930754,1990-12-18,6808
Gonzalo Martín,Farías,29808389,1990-11-30,3244
Alejo Benjamin,Rebollo,34124515,2002-04-19,6249
Javier Alejandro,Varela,32618914,2002-02-15,1163
Alexis Nicolas,Totora,39457153,1996-10-03,5399
Ana Victoria,Fornerón,22116765,1990-01-11,3734
Maria Clara,Ibáñez,23532929,1985-01-21,3938
Jorge Luis,Carrizo,30270636,1992-06-29,9453
Maximiliano Agustin,Rotman,34612541,1996-03-23,7581
Ignacio Tomas,Contreras,27566120,1990-04-16,4811
Ramiro Ezequiel,Pereyra,21432205,1984-08-24,3403
Santiago Manuel,Gonzales,30685755,1985-04-20,6753
Candela Aylen,Rivera,24724137,1986-08-22,6986
Serena,González,25547160,1984-03-01,3433
Selene,Galán,34357393,1985-05-13,9765
Stefano,Totora,33482930,1990-05-22,7648
Ismael,Lorenzo,29139451,1988-08-30,3102
Priscila Magali,Rebollo,32066722,1998-03-18,9357
Helena,Mora,21199541,1990-05-09,2837
Ana Maria,Rojas,31789692,1994-04-18,2694
Miranda,Quispe,24712809,2001-12-13,3085
Tobias Nicolas,Ibáñez,32451748,1995-12-17,8036
Jorge Daniel,Morales,34654764,1998-08-29,4087
Benjamin Nicolas,Farías,33383858,1999-06-09,6015
Bautista Benjamin,Salem,24115446,1997-06-25,7516
Santiago Sebastian,Flores,29914416,2003-09-27,9247
Valentina Nicole,Casares,24413045,1986-11-06,7500
Ana Valentina,Morales,31526633,1996-06-12,1508
Martin Gabriel,Gutiérrez,38154547,2003-05-08,4270
Morena Valentina,Fernández,29305713,1998-01-13,9536
Joaquin Leonel,Carrizo,32575570,1992-03-07,8619
Lucía Magalí,Álvarez,28486700,1992-12-10,1689
Matias Ignacio,Ibáñez,33142056,1992-10-10,5899
Ignacio Sebastian,Nari,20983837,1988-08-08,8408
Santiago Jesus,Rómulo,38983875,1992-01-10,643
Federico Ezequiel,Rodríguez,35839887,2003-11-10,1653
Marcos Daniel,Rivera,31052821,1997-03-15,6270
Mauricio,Martínez,31527288,1980-10-12,2843
Gabriel Nicolas,Fernández,29003019,1993-06-16,8484
Nicolas Martin,Marini,28440810,2004-01-22,2943
Samuel,Basile,39926680,1998-09-29,7157
Santiago Lionel,Espinoza,24467981,1989-04-27,2210
Agustin Emanuel,Casares,28940390,1997-04-20,9625
Tiago Nicolás,Reyes,33126878,1998-07-17,7577
Camila Rocio,Pérez,33962719,1989-07-12,4786
Diego Agustin,Godoy,30956393,1982-04-28,918
Marcos Nahuel,Gonzales,36905791,1991-05-07,8568
Kiara Valentina,Sánchez,33722906,1986-08-06,2477
Joaquin Sebastian,Arredondo,25841600,1991-07-05,8630
Milagros Jazmin,Pinedo,27434244,1980-10-27,8660
Diego Alejandro,Pérez,26454375,1987-06-01,4163
Rodrigo Gabriel,Arellano,23718923,1991-10-18,8296
Gonzalo Joaquin,Martínez,30823889,1982-03-18,5711
Tiago Benjamin,Gutiérrez,33615060,2002-11-21,9915
Facundo Benjamin,Rojas,37332318,1996-05-26,8866
Antonella Belén,Marín,38137926,1983-12-21,2380
Emilio,Rotman,33860862,1982-04-14,3314
Ignacio Nahuel,Giordano,24580198,2000-08-31,7979
Alan Leonel,Salvador,26809263,1990-08-30,7362
Julieta Abigail,Díaz,27418758,1998-02-12,221
Maria Isabel,D'Elia,31091321,1983-09-22,1318
Ana Gabriela,Pereyra,34221774,2003-10-16,7503
Sofia Ayelen,Villalba,38584410,1998-03-17,3437
Gianella,Rivas,31591468,2003-09-07,6867
Juan Segundo,Moreno,29619144,1988-04-24,8316
Ailen,Godoy,37170923,1984-04-07,1363
Jonathan,Rodríguez,38121993,1984-11-30,2314
Alex,Sánchez,27301445,1991-07-24,3965
Sol Agustina,León,37001405,1992-08-21,9614
Tiago Agustin,Giménez,29133096,1997-02-03,954
Ariadna,Sojero,38042563,1991-07-14,9039
Kiara Aylen,Salvador,27592153,1999-07-08,5827
Javier,Flores,28481896,1987-02-19,335
Cristian Ezequiel,Salvador,24078400,1984-07-22,968
Daniel Agustin,Scioti,32528762,1980-04-15,2468
Juan Roman,Schapira,30815212,1984-06-22,7377
Leonardo Gabriel,Sotomayor,31948304,1988-11-01,2271
Gonzalo Emanuel,Soto,39406530,1989-10-04,1858
Maximo Gabriel,Carranza,25845285,2001-09-23,2311
Miguel Alejandro,De León,22720090,2002-04-05,5968
Gastón Ezequiel,Farías,24680713,1981-01-18,7008
Rodrigo Emanuel,Casas,38364422,1993-02-21,8764
Lucas Valentin,Villalba,28596006,2004-07-11,5263
Brenda Magali,Vargas,34276528,1983-09-25,1321
Lucas Matias,Pérez,21767198,1992-01-15,9693
Fernando Agustin,Silva,26455570,1994-03-31,6657
Gonzalo David,Silva,21203174,1983-10-30,4187
Lucas Ivan,Santos,35189519,1981-05-12,5000
Joaquín Emanuel,De León,32169058,1980-04-22,9442
Francisco Gabriel,Vasile,28597454,2003-05-23,1089
Tiago Nahuel,Goicochea,34075627,2001-08-05,3328
Ezequiel Agustin,Nari,35397185,1985-08-03,1125
Cristian Daniel,Sorbera,39383572,1997-10-01,3977
Valentina Nahir,Galán,37799783,1989-12-09,2931
Rocio Ailen,Mejía,33012638,1981-12-22,1370
Valentina Sofia,Huergo,39614532,1988-08-23,9804
Tomas Leonel,Nave,37339921,1990-08-15,1992
Agustina Ailen,Fernández,38962611,2004-02-12,8513
Lucia Valentina,Nessi,22975265,1981-06-12,3301
Victoria Belen,Hoffmann,27580201,1999-06-21,6606
Iara Belen,Fernández,28856185,1985-02-02,8876
Kiara Belen,Demichelis,34123168,2003-12-19,9587
Antonio,Portillo,34918630,1984-02-13,1126
Lautaro Joel,León,27378717,2003-07-24,6188
Jonathan David,Basile,39531410,1987-11-21,1984
Luciano Nahuel,Leiva,20974970,2001-08-22,3848
Renzo,Nessi,23856795,1991-06-10,2054
Camila Antonella,García,31966032,1990-12-20,4323
Leonardo Ezequiel,Pedone,29244174,1980-12-23,2023
Cristian Ariel,Salvador,22390072,1998-10-11,7452
Brisa Abril,Marini,22461623,1988-10-12,7451
Lourdes Milagros,González,22957895,2003-11-28,3922
Jimena,Gonzales,26007319,1984-04-09,4329
Lautaro Ismael,González,38506903,1998-08-11,5449
Micaela Abigail,Quispe,32440716,1999-07-01,7790
Alexis Daniel,Sojero,24048428,2003-09-17,5352
Luna Morena,Ibáñez,21706014,1989-05-07,1095
Mauro Ezequiel,Benítez,20448346,2002-01-13,2309
Lourdes Abigail,Borges,37666829,1995-05-10,916
Agustin Ariel,Gómez,32700274,1995-05-18,7158
Joaquin Tomas,Pineda,37767716,1988-03-02,1479
Franco Ariel,D'Elia,22235779,1992-12-17,5668
Ariana Abigail,Huarte,28294741,1981-04-26,4463
Pablo Gabriel,Pavón,39278689,1996-12-21,966
Lautaro Ivan,León,30024077,1991-03-25,6554
Thiago Alejandro,Sánchez,20364476,1999-08-24,7786
Facundo Javier,Marchi,30985427,1996-12-27,2841
Santiago Matias,Zurich,37711071,1983-04-02,3183
Axel Joel,Fava,39545911,1996-01-02,1369
Franco Valentin,Giordano,29979779,1986-04-04,4315
Jose Gabriel,Rotman,36107475,1990-04-05,5295
Valentin Ezequiel,Zambrano,26400694,1989-02-16,622
Facundo Alejandro,Nave,27957389,1987-03-09,1789
Luciana Abigail,Salamone,32767467,1996-03-22,1022
Mariano Agustin,Ibáñez,30420427,2003-08-07,4144
Brisa Ailen,Salamone,21773373,2000-03-10,3659
Milagros Lucia,Sánchez,39265951,1986-08-25,4103
Ivan Alejandro,Pereira,21958045,1990-04-03,6210
Nicolas Ariel,Surace,38983797,1991-10-16,2643
Lucas Ignacio,Amenedo,33543392,2003-03-19,4308
Alejo Agustin,Contreras,28589113,1993-05-28,1494
Sol Valentina,Agüero,30933538,1987-10-01,3656
Priscila Abril,Schapira,32939485,1999-02-24,179
Luka,Basile,21230100,1998-10-23,878
Mauro,Hernández,31493551,1995-01-12,5878
Facundo David,Zurich,34584481,2001-07-24,8576
Agustin Sebastian,Mariani,39637413,1991-05-05,1984
Jonathan Gabriel,Pedone,20988266,2001-12-23,923
Kevin Leonel,Sotomayor,34675240,1999-10-15,9705
Camila Valentina,León,38224350,1992-08-26,1459
Agustin Nahuel,Saldaña,21984413,1991-08-28,6715
Tobias Valentín,De León,39702730,1984-09-15,8914
Brisa Antonella,Agüero,29854442,1999-06-18,6884
Gregorio,Marín,34987249,1999-10-10,321
Donato,Mejía,33538795,1986-01-25,2905
Axel Ariel,Lorenzo,29745729,1991-01-07,9845
Martina Guadalupe,Hidalgo,28367225,2000-08-03,8581
Melany,Duarte,21867100,2000-12-08,3877
Maria Alejandra,Morales,23136860,1981-11-08,2793
Pablo Sebastián,Rómulo,39306700,1991-08-25,1289
Gabriela,Farina,22150743,1997-04-02,1521
Agustin Tomas,Ibáñez,28400400,2000-01-21,2336
Abril Micaela,Amenedo,32911030,1982-01-27,520
Valentin Nicolas,Scanone,24222083,1997-11-04,220
Camila Victoria,Ibáñez,38015628,1998-01-27,2583
Diego Ezequiel,Sala,34630237,1994-12-02,6278
Enzo Nicolás,Muñoz,36021496,1998-01-18,6578
Elias Benjamin,López,37596426,1998-02-12,5651
Maximo Nicolas,Zambrano,30561624,1985-04-21,9671
Camila Guadalupe,Sosa,25547506,1992-12-12,4089
Berenice,Sosa,38081817,1995-01-30,2359
Luciano Martin,Hernández,34570781,1982-11-09,329
Valentina Pilar,Salvador,30832747,1987-05-22,510
Brisa Agustina,De Luca,32181582,1999-01-01,6057
Franco Martin,Pereyra,27332730,1985-09-12,6637
Kevin Uriel,Schapira,39329522,2003-04-01,6628
Lucas Tomás,Marín,20432635,1999-11-26,9292
Dylan Nahuel,Pinedo,30680004,1999-04-23,3756
Marcos David,González,34124032,1999-03-30,4878
Brisa Belen,Quispe,39780314,1991-08-24,6613
Federico Gabriel,Abadía,38863734,1988-03-22,589
Mirko,Pereyra,23643819,1988-03-17,4824
Tiago Ezequiel,Muñoz,30839276,1983-09-29,964
Natalia,Muñoz,22327527,1985-02-21,4567
Matías Javier,Nave,35307823,2000-10-26,5377
Ariel Alejandro,León,25409827,1989-11-09,6753
Solana,Contreras,20950217,1980-04-26,6503
Milagros Celeste,Sojero,32234485,2004-06-10,9462
Luz,Sosa,35811797,2004-06-29,1740
Mia Abril,Rosso,38463208,1994-12-30,9057
Facundo Manuel,Vasile,35133185,2002-11-02,5427
Guido,Hoffmann,36372791,2000-07-03,3415
Adrian,Goicochea,24426333,1985-08-18,6478
Luciano Andres,Gonzales,27669607,1994-03-06,4060
Milagros De Los Angeles,Sojero,32101786,1987-01-05,9551
Candela Lucia,Surace,33590653,1981-12-12,5014
Nahuel Nicolas,Hernández,30349460,1990-02-16,2433
Kevin Gabriel,Andrade,35814347,1984-02-07,4269
Gonzalo Benjamín,Espinoza,21593615,1997-05-12,7345
Cristian David,Santana,30393492,1982-05-30,5702
Agustin Ignacio,Pinedo,28937944,1984-12-18,5605
Lucas Damian,Díaz,27512408,1988-04-03,9737
Carlos Alberto,Pinedo,24611762,1984-01-12,7212
Juan Daniel,Villalba,35982188,1998-01-10,1742
Elena,Farina,26868640,2000-01-13,7591
Kiara Agustina,Contreras,36598897,1994-11-29,2170
Matilda,Gonzales,38771734,1985-09-23,3448
Abril Antonella,Sotomayor,26655286,2000-03-26,6554
Lionel Agustin,Marini,32495366,1980-05-20,1835
Segundo,Lorenzo,37727101,1986-12-14,6912
Angela,Fava,30023297,1996-12-20,9882
Rocio Abril,Rotman,25524173,1995-03-14,2324
Daiana,Ramírez,36161839,1994-03-16,8093
Axel Maximiliano,López,29155560,1998-12-04,8095
Alan David,Reyes,32168534,2000-01-09,2869
Florencia Micaela,Rivas,34964470,1987-09-02,4921
Diego Nicolas,Salvador,36943600,1997-10-10,9175
Mauricio Nicolas,Nave,28403369,1983-07-14,7919
Priscila Milagros,Nessi,30636121,1990-03-31,3458
Maria Catalina,Quispe,36768741,1996-05-06,721
Axel Javier,Agüero,28294475,2002-04-21,1314
Victoria Valentina,Duarte,31838167,1989-03-16,3361
Martiniano,Maradona,33148161,2002-01-28,2186
Juan Diego,López,38407755,2002-01-08,6638
Diego Armando,Rebollo,28915843,1992-10-28,7211
Agustin Maximiliano,Borges,22283512,1996-05-01,8840
Maria Trinidad,Farías,27368494,2000-12-13,8403
Margarita,Lorca,36910005,1985-11-06,42
Evelyn,Marchi,37800206,2001-05-24,6635
Diego Martin,Sojero,28512694,1991-05-19,2854
Alexis Sebastian,Goicochea,26276899,1992-12-03,7846
Priscila Jazmin,Abadía,23286055,1980-03-06,723
Julieta Agustina,Nessi,28553826,1984-03-02,8420
Brenda Abigail,Ramírez,26172003,1996-10-20,2193
German,Salazar,28015548,2000-12-05,1374
Axel Rodrigo,Gómez,29600255,1996-09-19,7876
Kevin Joel,Scioti,27250897,1991-01-23,5582
Micaela Soledad,Santana,32756084,1984-03-18,5886
Jose Fernando,Salamone,34040127,1987-06-01,7195
Francisco Ezequiel,Demichelis,28175211,1995-03-19,6520
Franco Javier,Villalba,37732763,1990-05-07,1869
Federico Nahuel,Mancuso,30206889,1997-07-27,5009
Kevin Alejandro,Sorbera,35863340,1997-09-20,1074
Nicolas Daniel,Raimundo,33309127,1994-12-10,4801
Priscila Ailen,Gómez,32978356,1990-04-28,1782
Maria Elena,Surace,32213859,2001-05-15,111
Cristian Alejandro,Soto,24345662,1992-06-19,5264
Celeste Milagros,Mora,35553481,1989-11-21,2979
Priscila Nicole,León,23749838,1996-01-29,3345
Maximo Joaquin,Zambrano,32255491,2001-08-04,895
Micaela Aylen,Valenzuela,36868027,1989-12-07,1995
Ezequiel Nicolas,Mariani,22602973,1995-04-13,9216
Rocio Jazmin,Flores,35520053,2000-05-08,5803
Candela Guadalupe,Sojero,38330082,1985-06-22,2494
Franco Lautaro,Salem,35930375,1994-06-07,9898
Maria Mercedes,León,23618752,1984-05-16,198
Axel Sebastian,Sotomayor,35810256,2001-05-30,7653
Kevin Ariel,Benítez,23716896,1991-05-31,1792
Candela Ailen,Morales,26491259,1990-09-06,4102
Brandon Ezequiel,Marchi,28127927,1989-03-26,9575
Juan Ramon,Vargas,23556605,1981-05-13,2887
Angeles,Portillo,29520144,1988-09-01,6772
Axel Benjamin,Maradona,33682224,2001-09-06,3358
Faustina,Raimundo,28123008,2000-02-24,9300
Axel Emanuel,Mora,37724750,1999-08-12,1111
Alina,Rotman,34759460,1993-03-20,8769
Paula Valentina,Fazzi,38586446,2003-06-13,8538
Thiago Daniel,Farina,32210718,1989-08-18,1967
Sabrina,Nave,22928620,1992-05-03,9827
Nicolas Nahuel,Castillo,33271064,1989-01-12,7027
Pablo Daniel,Sánchez,31537527,1996-08-24,5154
