Santiago Lionel,Lorca,30904465,1999-03-17,2201
Agustin Emanuel,Zambrano,21689196,2000-05-10,9325
Tiago Nicolás,Rivera,34407251,2001-08-29,1033
Camila Rocio,Varela,37130775,1995-05-09,4179
Diego Agustin,Mamani,33259835,1991-01-08,1931
Marcos Nahuel,Rotman,28625624,2002-09-04,8117
Kiara Valentina,Basile,32250087,1987-05-17,7364
Joaquin Sebastian,Rivera,21104770,1980-12-11,7737
Milagros Jazmin,Sosa,37840762,1991-12-20,6219
Diego Alejandro,Sánchez,33132631,1987-07-29,3439
Rodrigo Gabriel,Varela,35387663,1999-07-11,1537
Gonzalo Joaquin,Leal,35404267,1994-04-01,7993
Tiago Benjamin,Saldaña,39589706,1986-09-19,464
Facundo Benjamin,Pérez,27469637,1990-12-16,6386
Antonella Belén,Rotman,21017805,1999-02-11,7090
Emilio,Santos,26465131,1995-12-27,9952
Ignacio Nahuel,Castillo,29789035,1981-05-09,34
Alan Leonel,González,28975550,1996-12-01,7297
Julieta Abigail,Mancuso,38048460,1989-01-27,4363
Maria Isabel,Santana,35109636,1991-07-19,3748
Ana Gabriela,Rodríguez,20322847,1989-03-01,9685
Sofia Ayelen,Pérez,20025664,1988-10-15,1674
Gianella,Rivera,34563722,1980-03-25,5200
Juan Segundo,Casares,31707681,1982-11-22,501
Ailen,Benítez,36688485,1992-09-18,365
Jonathan,Pérez,36556481,2003-10-05,416
Alex,López,24903795,1985-02-27,8870
Sol Agustina,Farina,37961297,1983-09-23,150
Tiago Agustin,Portillo,35595327,1999-08-25,6245
Ariadna,Agüero,29301126,2001-02-12,3548
Kiara Aylen,Surace,25488689,1987-02-19,6915
Javier,Nave,27932478,1987-07-23,475
Cristian Ezequiel,Hernández,29612281,1997-07-04,8644
Daniel Agustin,Borges,34109372,2003-04-11,3632
Juan Roman,Rojas,34498275,1983-05-13,7174
Leonardo Gabriel,Marino,23212056,1981-04-08,8123
Gonzalo Emanuel,Santos,25460140,1994-10-26,9058
Maximo Gabriel,Santos,24324515,1994-10-20,3818
Miguel Alejandro,Loreto,35954721,1980-06-09,5663
Gastón Ezequiel,Pérez,32725250,1992-08-24,3782
Rodrigo Emanuel,Moreno,27836237,1980-11-16,3584
Lucas Valentin,Sánchez,32684732,2003-10-02,7530
Brenda Magali,Gutiérrez,21102535,1987-03-27,4747
Lucas Matias,Maradona,24157753,2001-01-01,352
Fernando Agustin,Sala,23447363,1997-09-05,6818
Gonzalo David,Portillo,24845422,1992-11-10,9116
Lucas Ivan,Flores,20471656,1994-06-24,1638
Joaquín Emanuel,Castillo,33463285,1985-02-24,3045
Francisco Gabriel,Soto,24658027,1991-11-18,4856
Tiago Nahuel,Castro,22073023,1980-09-20,1980
Ezequiel Agustin,Flores,38262126,1982-08-23,5450
Cristian Daniel,Sala,29034529,2002-01-30,8205
Valentina Nahir,Rosso,26279586,1995-12-09,6915
Rocio Ailen,Sotomayor,37628215,1990-11-19,8318
Valentina Sofia,Nari,28413917,1983-06-02,3110
Tomas Leonel,Fava,36815862,1993-01-30,4970
Agustina Ailen,Mariani,23990518,1999-09-30,4655
Lucia Valentina,Huergo,30209599,1997-01-04,9626
Victoria Belen,Pereyra,26526190,1985-03-04,8181
Iara Belen,Benítez,21778852,1981-03-28,8278
Kiara Belen,Pineda,37030334,1980-06-15,6444
Antonio,Quispe,31176841,1982-01-04,9650
Lautaro Joel,Goicochea,39582518,1983-06-05,565
Jonathan David,García,31429250,1998-11-24,7868
Luciano Nahuel,Rómulo,34971716,1986-01-19,3977
Renzo,Mora,30910109,1997-01-13,6623
Camila Antonella,Rotman,20240135,1986-06-03,6788
Leonardo Ezequiel,Hernández,27991634,1980-11-23,2834
Cristian Ariel,Hidalgo,31837152,2002-08-16,6014
Brisa Abril,Godoy,24309570,1985-02-10,8991
Lourdes Milagros,Espinoza,33801994,2002-12-07,6139
Jimena,Casares,23392652,1981-02-05,1416
Lautaro Ismael,Casares,32954879,1987-03-13,7191
Micaela Abigail,Leiva,29530320,2001-06-16,8330
Alexis Daniel,Gómez,24200679,1995-01-20,1768
Luna Morena,Marchi,34299442,1991-12-21,2682
Mauro Ezequiel,Mamani,31859994,1997-03-07,8535
Lourdes Abigail,González,28162197,1981-10-18,6443
Agustin Ariel,Silva,22881865,1994-04-09,6070
Joaquin Tomas,Hoffmann,27944796,2003-07-11,8023
Franco Ariel,Farías,28169339,1990-02-07,484
Ariana Abigail,Ibáñez,25594255,1990-12-07,7689
Pablo Gabriel,Nari,33400149,1991-11-18,712
Lautaro Ivan,Pineda,35478788,1982-08-14,5054
Thiago Alejandro,García,22435130,1984-01-22,9718
Facundo Javier,Mejía,25048826,1985-01-23,9472
Santiago Matias,Rotman,38576076,2003-12-13,6448
Axel Joel,Pavón,21588464,1981-03-07,2791
Franco Valentin,Jiménez,27423553,1990-08-03,2762
Jose Gabriel,Zurich,27116144,1987-05-10,8228
Valentin Ezequiel,Martínez,26573110,2004-05-17,3718
Facundo Alejandro,Hoffmann,36167115,1984-08-01,201
Luciana Abigail,Flores,33869950,1981-01-11,3268
Mariano Agustin,Nave,23769596,1998-04-07,8841
Brisa Ailen,Leiva,30925064,1999-01-05,8983
Milagros Lucia,López,27098055,1991-09-14,3803
Ivan Alejandro,Leiva,27645568,1989-10-27,6626
Nicolas Ariel,Ramírez,26576026,1981-05-03,8417
Lucas Ignacio,Hoffmann,25950153,1998-09-28,5633
Alejo Agustin,Duarte,38618547,2004-04-06,9466
Sol Valentina,Vargas,25125952,1997-10-16,5788
Priscila Abril,Martínez,38466819,1981-04-24,7522
Luka,Agüero,22925249,1999-01-11,4411
Mauro,Pedone,34204561,1989-03-17,8978
Facundo David,Duarte,38053506,1992-01-18,9976
Agustin Sebastian,Sala,20995239,1999-04-16,93
Jonathan Gabriel,Leiva,34485413,1999-12-11,6286
Kevin Leonel,Moreno,34226329,2001-05-26,8396
Camila Valentina,Villalba,34747200,1984-03-17,2117
Agustin Nahuel,Maradona,27715748,1995-01-30,8498
Tobias Valentín,Fazzi,29260714,1980-11-21,9197
Brisa Antonella,Vera,26031735,1999-03-27,3366
Gregorio,Carrizo,30241653,1996-11-05,6981
Donato,Silva,29998476,1993-11-09,919
Axel Ariel,Huergo,30924175,1990-12-24,7882
Martina Guadalupe,Huarte,20885854,1990-05-31,5975
Melany,Maradona,32821471,1996-08-15,9338
Maria Alejandra,Abadía,34886103,1981-12-15,9083
Pablo Sebastián,Varela,39077892,1990-01-05,3274
Gabriela,Farías,20645852,2002-11-30,8269
Agustin Tomas,Farías,29635032,1980-04-21,6773
Abril Micaela,Castillo,21753538,2001-09-22,7945
Valentin Nicolas,Galán,39951086,1994-03-14,5845
Camila Victoria,Vasile,22585587,1989-06-07,6789
Diego Ezequiel,Goicochea,25484773,1994-01-17,5670
Enzo Nicolás,Villalba,28661370,1987-06-06,25
Elias Benjamin,Maradona,27171599,1981-02-27,8822
Maximo Nicolas,Sorbera,33666783,2000-03-09,8849
Camila Guadalupe,Morales,27041308,1996-03-06,5425
Berenice,Villalba,30677560,1985-05-14,7506
Luciano Martin,Saldaña,31419924,2001-07-02,9828
Valentina Pilar,Álvarez,23474471,1982-03-23,458
Brisa Agustina,Reyes,39123425,1997-01-03,3761
Franco Martin,Basile,22964362,2000-03-21,2903
Kevin Uriel,Arredondo,22490294,1991-06-09,9023
Lucas Tomás,Arellano,38386490,1994-09-30,9575
Dylan Nahuel,Schapira,37298338,1999-09-26,2961
Marcos David,Farina,24017793,1984-05-14,1500
Brisa Belen,Maradona,22213134,2004-07-27,9028
Federico Gabriel,Reyes,25158945,1987-01-15,4182
Mirko,Pavón,34396268,2003-10-31,531
Tiago Ezequiel,Martínez,20705712,1991-08-07,1154
Natalia,Pineda,26319247,1981-12-08,1363
Matías Javier,Nave,26405446,1996-12-25,273
Ariel Alejandro,Amenedo,22626512,1993-07-20,7421
Solana,Delgado,20048025,2002-02-04,238
Milagros Celeste,D'Elia,28954498,1994-06-14,4607
Luz,Ramírez,37328366,1997-05-03,4088
Mia Abril,Díaz,32904778,2003-12-22,4401
Facundo Manuel,De Luca,35637612,1983-05-11,1793
Guido,Arellano,37749931,1996-07-26,3024
Adrian,Basile,34214312,1987-06-09,5643
Luciano Andres,Sojero,23385395,1980-04-22,4756
Milagros De Los Angeles,Vargas,38379532,2002-01-11,1138
Candela Lucia,Gonzales,25504380,1989-05-30,2743
Nahuel Nicolas,Gómez,32699860,1987-08-02,2615
Kevin Gabriel,Fornerón,34112271,1986-05-03,4181
Gonzalo Benjamín,Leal,20421847,2003-12-29,8640
Cristian David,Totora,25134334,1987-07-05,2754
Agustin Ignacio,Farías,22176632,1990-11-14,4471
Lucas Damian,Moreno,39559098,1996-01-02,4824
Carlos Alberto,Farías,33114579,2002-08-12,7449
Juan Daniel,Salem,27531133,1993-03-21,5275
Elena,Reyes,30191244,1994-06-24,8134
Kiara Agustina,Castro,28309290,1985-06-22,7762
Matilda,Moreno,31458134,2004-05-19,1870
Abril Antonella,Hernández,31134443,1991-06-23,387
Lionel Agustin,Rebollo,33092255,1994-04-30,5111
Segundo,Salamone,33738684,1985-05-15,6333
Angela,Demichelis,31044987,1993-05-01,5625
Rocio Abril,Rivera,28049321,1986-02-22,6896
Daiana,Rodríguez,20918705,1987-12-11,3080
Axel Maximiliano,Hernández,22805508,2002-11-15,4233
Alan David,Marini,33147606,1994-08-22,1781
Florencia Micaela,Sosa,36277148,2003-03-22,4152
Diego Nicolas,Sojero,36108379,2002-01-28,8357
Mauricio Nicolas,Scioti,39499965,1983-05-13,3425
Priscila Milagros,Huarte,28581696,1992-03-15,9922
Maria Catalina,Gómez,35464778,1998-05-12,7072
Axel Javier,García,23759022,1999-05-22,341
Victoria Valentina,Rosso,29551822,1999-03-19,3692
Martiniano,Sala,32206030,1993-05-07,292
Juan Diego,Sánchez,28901425,1982-05-17,6509
Diego Armando,Arellano,21140419,1989-04-11,2399
Agustin Maximiliano,Castro,33244888,1988-05-15,578
Maria Trinidad,Villalba,39120916,1987-02-10,2625
Margarita,Marín,29250837,1986-09-22,7301
Evelyn,Godoy,27006807,1985-02-06,8295
Diego Martin,Rebollo,28280681,1989-03-08,6990
Alexis Sebastian,Farina,32729973,1995-08-21,8924
Priscila Jazmin,Santos,28536973,1992-12-24,3614
Julieta Agustina,Agüero,23261311,1991-04-02,8463
Brenda Abigail,Lorca,20763831,1987-05-31,7386
German,Pedone,34525509,1981-03-28,3656
Axel Rodrigo,Fornerón,24534309,1993-04-02,8583
Kevin Joel,Casares,39657306,1980-02-04,502
Micaela Soledad,Rosso,36297888,1989-10-28,6470
Jose Fernando,Morales,34380105,1990-04-25,9434
Francisco Ezequiel,Rodríguez,35079455,1992-05-30,5263
Franco Javier,Scioti,32765329,1999-12-12,6984
Federico Nahuel,Portillo,30242521,1987-05-09,963
Kevin Alejandro,Reyes,23443672,1984-09-09,4892
Nicolas Daniel,Pérez,31183601,2000-02-04,2059
Priscila Ailen,Zurich,29857805,1993-04-04,3475
Maria Elena,Fernández,32660247,2003-03-27,777
Cristian Alejandro,Gonzales,37439537,1995-12-18,5019
Celeste Milagros,Varela,33552232,1998-10-23,1158
Priscila Nicole,Scioti,20376725,1997-02-11,1252
Maximo Joaquin,León,36414099,1986-09-25,5084
Micaela Aylen,León,35424909,1991-08-19,4880
Ezequiel Nicolas,D'Elia,37289039,1989-07-04,2592
Rocio Jazmin,Portillo,31313249,1999-05-12,6818
Candela Guadalupe,Sotomayor,28367629,1984-07-29,9255
Franco Lautaro,Giordano,29523698,1982-11-19,4134
Maria Mercedes,Castillo,28356794,2002-03-03,2136
Axel Sebastian,Vasile,22461266,1993-11-09,138
Kevin Ariel,Portillo,28546760,1981-04-20,9186
Candela Ailen,Mariani,33575020,1988-02-03,621
Brandon Ezequiel,Pedone,38033754,1999-02-09,9676
Juan Ramon,Valenzuela,25638901,1985-05-30,3565
Angeles,Flores,39387196,1996-12-26,9343
Axel Benjamin,Zurich,27573524,2003-10-06,7550
Faustina,Salvador,38024379,1997-01-24,2810
Axel Emanuel,Nari,21672432,1983-05-07,8337
Alina,Lorca,34362973,1990-08-02,613
Paula Valentina,Andrade,38030827,1983-05-17,6192
Thiago Daniel,Totora,38588163,1987-05-25,3283
Sabrina,Vasile,35598929,1995-10-19,5684
Nicolas Nahuel,Salvador,21179346,1989-02-21,1622
Pablo Daniel,Rebollo,24348950,1988-10-17,3371
Nicolas Andres,Hoffmann,28077918,1997-11-11,9394
Maria Antonella,Marín,21172428,2002-09-02,7093
Martina Pilar,Varela,21030209,1999-01-06,9689
Bautista Ezequiel,Rivera,25729822,1995-03-12,3180
Lara Agustina,Pinedo,31431709,1999-04-07,8066
Joaquin Ariel,Gonzales,39694174,1982-03-17,1710
Tomas Uriel,Nari,23118056,1988-01-03,6390
Lautaro Maximiliano,Vasile,38854417,1990-04-15,4850
Santiago Román,Amenedo,31530518,1994-03-11,8259
Valentina,Santos,34220500,1995-10-24,8188
Santiago,Sosa,21795517,1980-06-06,281
Martina,Villalba,35828583,1996-01-07,5330
Joaquin,Lorca,24869816,1990-02-19,6591
Juan Ignacio,Saldaña,26932679,1989-08-22,4609
Sofia,Gonzales,28092453,1985-06-07,296
Tomas,González,21321046,2002-03-22,2571
Bautista,Maradona,26529875,2000-08-11,3290
Mateo,Vargas,33951488,2002-08-11,5369
Catalina,Vargas,22989374,1999-04-29,9229
Benjamin,Hoffmann,36776169,1985-06-12,2214
Agustin,Amenedo,24400101,2001-06-30,5555
Santino,Godoy,39568913,1998-04-05,7032
Juan Cruz,Pineda,38560361,1991-01-28,3490
Camila,Pérez,36746786,1989-06-14,4366
Francisco,Rojas,39054126,1986-09-28,1579
Ignacio,Scioti,39899807,1995-12-27,6213
Lautaro,Rivas,26454417,1996-09-19,8972
Juan Pablo,Scioti,27930624,1986-04-09,5633
Valentino,Salem,20173344,1998-03-28,8754
Lucia,Rotman,39045077,1999-04-11,7938
Delfina,Nessi,29925842,1995-11-07,8724
Agustina,Sorbera,38852676,1994-10-30,3844
Abril,Delgado,31697271,1980-03-04,1070
Victoria,Álvarez,34277360,1995-02-14,661
Guadalupe,Borges,28487152,1981-01-25,1387
Nicolas,Gutiérrez,34770462,2003-08-02,2179
Valentín,Jiménez,37529515,1981-07-13,2780
Julieta,Agüero,37973173,1986-03-16,2728
Morena,Nave,39443283,1986-03-17,8818
Candela,Pedone,20270416,2003-06-13,3489
Milagros,Carrizo,25559492,1992-11-30,4391
Facundo,Abadía,25364789,1980-08-05,5443
Matias,Hoffmann,33546100,1988-12-19,9833
Maria Victoria,Muñoz,32253865,2004-05-03,8288
Josefina,Giordano,20821648,1981-04-01,4182
Franco,Scanone,33191811,1995-08-09,6031
Juan Manuel,Fornerón,33038394,1997-03-15,5551
Felipe,Arredondo,25584196,1991-11-28,5575
Juana,Vasile,23460095,1993-10-24,1866
Lucas,Pavón,34083855,1985-08-19,4771
Maximo,Goicochea,27218719,1998-12-16,3853
Pilar,Zambrano,22075324,1996-07-05,9895
Juan Bautista,Lorca,25783505,1989-03-23,8008
Lautaro Ezequiel,Rojas,23785932,1986-08-06,2217
Thiago,Ramírez,28292504,1994-01-01,9502
Malena,Giménez,23939449,1991-10-11,9030
Lola,Schapira,34210410,2000-06-07,1708
Mia,Marín,31259603,1986-09-15,5254
Santiago Nicolas,Zurich,39514047,1991-06-07,641
Matias Ezequiel,López,22347768,1983-01-09,6661
Martin,Galán,33358316,1980-10-04,1199
Ana Paula,Valenzuela,34220380,1981-04-14,6229
Tomas Agustin,Vera,24519477,1983-06-06,2413
Manuel,Andrade,31262917,2000-01-26,2048
Agostina,Loreto,29355257,1991-01-12,5585
Ramiro,Espinoza,35249951,1981-11-02,1879
Constanza,Arredondo,38557745,1992-08-17,9624
Maria Belen,Giordano,27317294,1982-06-16,6193
Luca,León,36487830,1995-06-06,1255
Bruno,Gonzales,26369298,1998-02-04,9351
Micaela,Arellano,27969503,1986-11-10,9015
Lara,Pavón,36610281,1996-11-27,3665
Federico,Mejía,36751823,1987-08-12,9272
Lautaro Agustin,Díaz,38021814,1993-06-07,1339
Julian,Reyes,21870684,1992-09-05,4370
Lautaro Nicolas,Arredondo,28794048,1999-06-17,5978
Bianca,Sberna,34985467,1980-11-04,4842
Tobías,Basile,32349556,2000-12-31,9247
Renata,Morales,32971690,1990-02-20,8753
Pedro,Schapira,37278116,1985-07-08,1872
Gonzalo,Rodríguez,23009555,2003-06-20,7500
Sofía Belén,Surace,29291074,1983-05-23,4541
Lautaro Benjamin,Casas,31376635,1997-04-01,1765
Florencia,Pedone,35242753,2002-05-15,749
Juan Gabriel,Santana,28178805,1989-12-01,4845
Rocio Belen,González,21181541,1989-07-02,202
Lautaro Nahuel,Borges,28578805,2003-12-21,238
Miguel Angel,González,37750771,1994-07-23,1502
Santiago Agustin,Hoffmann,24531521,2000-09-09,6775
Sebastian,Raimundo,21667870,2002-10-12,1885
Emilia,De Luca,23077091,1998-11-04,655
Jazmin,Delgado,38921808,2002-07-30,3078
Clara,Jiménez,25470754,1992-10-26,3926
Camila Belen,Santana,27554653,1988-05-31,9614
Jeremias,Gonzales,30818334,1999-02-10,6897
Mora,Ramírez,36137633,1993-11-10,2654
Luciano,Silva,21395477,1980-06-28,1893
Alejo,Sánchez,31025738,1983-09-14,7387
Julia,Rotundo,28490604,1993-11-13,2742
Maria Valentina,Abadía,31238694,1998-08-04,3955
Rocio,Pinedo,39964048,1994-04-27,2604
Antonella,Delgado,28916192,1985-04-26,1684
Simon,Rómulo,33511754,1986-07-28,7128
Maria Sol,Farina,36654151,1983-03-15,6197
Lucas Ezequiel,Rotman,31400254,1985-01-16,8895
Maria De Los Angeles,Ramírez,36684477,2003-12-10,4817
Guillermina,Nessi,32319389,1988-09-23,9014
Valentina Abril,Andrade,26736124,1994-07-27,4151
Matias Nicolas,García,29018943,1990-03-10,7815
Paloma,Agüero,39473543,1987-11-08,5152
Maria Emilia,García,38534179,1982-12-05,1640
Juan Martin,González,29972622,1990-11-14,3401
Ezequiel,Ramírez,24460073,1990-10-17,5200
Facundo Nicolas,Hoffmann,31242033,1986-12-18,649
Paulina,Salvador,28198798,2001-07-30,446
Maria Jose,De León,24750291,1980-10-27,172
Juan David,Santana,36275989,1992-04-16,4842
Lautaro Gabriel,Mamani,21343255,1986-06-09,9774
Juan Jose,Rojas,22476486,1987-10-03,5246
Tiziano,Sánchez,21620385,2004-02-03,7370
Lorenzo,Mancuso,25373972,1982-11-01,6410
Santiago Ezequiel,Santos,28994491,1995-11-29,5132
Maria Luz,León,29055367,2001-04-20,6529
Lourdes,Lorca,20878920,1981-10-19,1031
Agustin Ezequiel,Portillo,25045640,2000-06-04,1051
Angelina,Pedone,20909766,1998-06-13,5199
Ludmila,Farina,36058379,1992-11-22,9854
Maria Paz,Gutiérrez,30819887,1980-04-29,7468
Priscila,Marchi,31576095,1982-03-18,1824
Milagros Belén,Demichelis,26394707,2003-10-14,4097
Marcos,Mora,25307576,2002-03-27,3525
Nahuel,Díaz,26938029,2002-03-22,8895
Milena,Marchi,27014386,1994-07-29,7682
Luciana,Hoffmann,30286890,1991-08-05,5829
Agustina Belen,Sotomayor,33931831,1986-09-11,4244
Tomas Ezequiel,Carrizo,29014651,2001-01-09,3001
Nicolas Agustin,Rivera,24681639,1983-10-05,8873
Giuliana,Rotman,23486967,1983-09-25,3405
Santiago Gabriel,Salazar,25330824,1992-07-08,5035
Juliana,Sojero,20834219,1982-07-29,3263
Ivan,Marchi,33743803,1993-08-01,4036
Maximiliano,Casas,38175749,1983-10-22,5905
Maria Guadalupe,Goicochea,29798566,2003-10-05,1333
Isabella,García,24911392,1984-07-23,4600
Santiago Tomas,Rodríguez,22363758,2000-05-26,1464
Angel Gabriel,Rómulo,36523583,1995-07-02,7338
Jose Luis,Mejía,39673489,1988-11-01,1482
Santiago Nahuel,Santos,28068165,1983-09-12,9410
Gabriel Alejandro,Arredondo,24701969,1993-10-26,5552
Tiago,Raimundo,37269027,1984-03-10,3726
Joaquín Ignacio,Álvarez,37195920,2000-10-05,6397
Carolina,Mamani,34758627,1998-09-03,5026
Candelaria,Flores,28897256,1995-01-13,672
Octavio,Espinoza,39060832,1995-08-11,5361
Jose Ignacio,Abadía,35177890,1996-08-21,3060
Sol,Casas,31117195,1984-05-07,5189
Juan,Hoffmann,30077999,1985-08-19,9486
Lucia Belen,Borges,26193343,1995-03-01,4961
Dante,Rotundo,26735990,2003-07-27,4027
Franco Ezequiel,Abadía,20602104,1985-03-22,5477
Lucas Gabriel,Carranza,22203362,1985-01-27,1653
Lautaro Joaquin,Saldaña,21445207,1993-07-23,8916
Juan Francisco,Sorbera,38317044,1988-01-26,9486
Geronimo,Reyes,27131093,1986-10-09,9764
Emiliano,Salem,36692663,2004-02-05,1508
Emma,Raimundo,30551028,1989-08-13,4015
Gabriel,Sberna,21894986,1983-02-26,3607
Maria Agustina,Saldaña,37541738,1989-09-18,333
Agustin Nicolas,Agüero,34623842,1996-08-17,3993
Olivia,Marini,26402080,1984-06-26,6582